[
    {
        "title":"History, Biography, Voyages and Travels [January 1857]"
    },
    {
        "title":"Margaret Fuller's Letters from Italy"
    },
    {
        "title":"Maud and Other Poems"
    },
    {
        "title":"Ruskin's Lectures"
    },
    {
        "title":"Contemporary Literature of England [October 1853]"
    },
    {
        "title":"Contemporary Literature of America [April 1852]"
    },
    {
        "title":"Contemporary Literature of England [January 1852]"
    },
    {
        "title":"Essays and Leaves from a Notebook (1883) [edited by Charles Lee Lewes]"
    },
    {
        "title":"Transatlantic Latter-Day Poetry"
    },
    {
        "title":"Belles Lettres [January 1857]"
    },
    {
        "title":"The Romantic School of Music"
    },
    {
        "title":"Belles Lettres and Art [Poetry review, October 1857]"
    },
    {
        "title":"The Grammar of Ornament "
    },
    {
        "title":"Modern Housekeeping"
    },
    {
        "title":"Futile Falsehoods"
    },
    {
        "title":"History, Biography, Voyages and Travels [October 1857]"
    },
    {
        "title":"Belles Lettres [Poetry review, October 1856]"
    },
    {
        "title":"Sight-seeing in Germany and the Tyrol"
    },
    {
        "title":"Felice Orsini"
    },
    {
        "title":"Recollections of Heine"
    },
    {
        "title":"Ferny Combes"
    },
    {
        "title":"The Lover's Seat"
    },
    {
        "title":"A Tragic Story"
    },
    {
        "title":"Belles Lettres and Art [July 1856]"
    },
    {
        "title":"The Art and Artists of Greece"
    },
    {
        "title":"Pictures of Life in French Novels"
    },
    {
        "title":"Heine's Book of Songs"
    },
    {
        "title":"Story of a Blue-Bottle"
    },
    {
        "title":"Who Wrote the Waverly Novels?"
    },
    {
        "title":"The Court of Austria"
    },
    {
        "title":"Church History of the Nineteenth Century"
    },
    {
        "title":"Art and Belles Lettres [April 1856]"
    },
    {
        "title":"The Poets and Poetry of America"
    },
    {
        "title":"History of German Protestantism"
    },
    {
        "title":"Rachel Gray"
    },
    {
        "title":"The Shaving of Shagpat"
    },
    {
        "title":"Belles Lettres [January 1856]"
    },
    {
        "title":"Life of Goethe by G. H. Lewes [A Review]"
    },
    {
        "title":"Belles Lettres [October 1855]"
    },
    {
        "title":"German Mythology and Legend"
    },
    {
        "title":"Michelet on the Reformation"
    },
    {
        "title":"Heine's Poems"
    },
    {
        "title":"Love in the Drama"
    },
    {
        "title":"Belles Lettres [July 1855]"
    },
    {
        "title":"Menander and the Greek Comedy"
    },
    {
        "title":"Memoirs of the Court of Austria"
    },
    {
        "title":"The Art of the Ancients"
    },
    {
        "title":"The Creed of Christendom"
    },
    {
        "title":"Review of The Nemesis of Faith by J.A. Froude"
    },
    {
        "title":"Vice and Sausages"
    },
    {
        "title":"Notice of The Comic History of England"
    },
    {
        "title":"[Review of] Christianity in its Various Aspects, The Jesuits, [and] Priests, Women, and Families"
    },
    {
        "title":"Address to Working Men, by Felix Holt"
    },
    {
        "title":"The Influence of Rationalism"
    },
    {
        "title":"Servants' Logic"
    },
    {
        "title":"A Word for the Germans"
    },
    {
        "title":"Worldliness and Otherworldliness: The Poet Young"
    },
    {
        "title":"Silly Novels by Lady Novelists"
    },
    {
        "title":"The Natural History of German Life"
    },
    {
        "title":"The Antigone and Its Moral"
    },
    {
        "title":"Introduction to Genesis"
    },
    {
        "title":"German Wit: Heinrich Heine"
    },
    {
        "title":"Thomas Carlyle"
    },
    {
        "title":"Translations and Translators"
    },
    {
        "title":"Margaret Fuller and Mary Wollstonecraft"
    },
    {
        "title":"Evangelical Teaching: Dr. Cumming"
    },
    {
        "title":"Life and Opinions of Milton"
    },
    {
        "title":"The Future of German Philosophy"
    },
    {
        "title":"The Morality of Wilhelm Meister"
    },
    {
        "title":"Lord Brougham's Literature"
    },
    {
        "title":"Liszt, Wagner, and Weimar"
    },
    {
        "title":"Three Months in Weimar"
    },
    {
        "title":"Woman in France: Madame de Sabl\u00e9"
    },
    {
        "title":"The Life of Sterling"
    },
    {
        "title":"Poetry and Prose, from the Notebook of an Eccentric: The Wisdom of the Child"
    },
    {
        "title":"Mackay's Progress of the Intellect"
    },
    {
        "title":"Essays and Leaves from a Notebook (1885)"
    }
]